"","Longitude","Latitude","Month","pr_ab","x","y","species"
"1",-122.197126,37.435588,4,1,-194120.08211244,-62313.4150362499,"aedes"
"2",-118.023232,34.0552609999999,4,1,182482.303853753,-438134.619469509,"aedes"
"3",-119.66085,36.81859,4,1,30212.5519531568,-133092.373052884,"aedes"
"4",-118.038328,34.061538,4,1,181074.52719147,-437467.395098312,"aedes"
"5",-119.67425,36.819944,4,1,29018.3292185836,-132946.068173295,"aedes"
"6",-119.669598,36.809182,4,1,29436.8995648963,-134140.800537946,"aedes"
"7",-118.025856,34.053721,4,1,182243.66487076,-438310.456182319,"aedes"
"8",-120.088479,36.958477,4,1,-7867.45018474116,-117594.248686708,"aedes"
"9",-120.081496,36.962759,4,1,-7246.11559175471,-117118.845393569,"aedes"
"10",-118.01783,34.048859,4,1,182995.758832726,-438834.220974296,"aedes"
"11",-120.061829,36.953656,4,1,-5498.1044663777,-118132.005622409,"aedes"
"12",-119.668311,36.805324,4,1,29553.0621526232,-134569.205199992,"aedes"
"13",-119.668253,36.827407,4,1,29549.647236192,-132114.719590964,"aedes"
"14",-119.733668,36.872627,4,1,23708.8770173889,-127106.964997787,"aedes"
"15",-119.679361,36.825668,4,1,28560.8862464187,-132311.412262916,"aedes"
"16",-119.651432,36.79577,4,1,31060.8501624408,-135625.702147658,"aedes"
"17",-117.048962,34.048762,4,1,272418.595881795,-436518.023660733,"aedes"
"18",-117.0262176,32.7445125,4,1,279051.281916535,-580945.509968353,"aedes"
"19",-119.769278,36.790828,4,1,20560.9835851868,-136207.116402848,"aedes"
"20",-119.658939,36.809558,4,1,30386.3976048934,-134095.643971041,"aedes"
"21",-117.980294,34.159845,4,1,186198.27913182,-426451.734282367,"aedes"
"22",-117.0913933,32.760258,4,1,272883.815856996,-579392.317507747,"aedes"
"23",-116.9168913,32.8583179,4,1,288896.774970387,-568020.012923476,"aedes"
"24",-120.071624,37.00085,4,1,-6365.13421012856,-112885.564626116,"aedes"
"25",-120.039255,36.948884,4,1,-3490.9361631304,-118663.507558418,"aedes"
"26",-119.674276,36.848964,4,1,29004.9393585005,-129720.560105691,"aedes"
"27",-118.039282,34.065881,4,1,180976.515634728,-436987.55191814,"aedes"
"28",-119.665154,36.807129,4,1,29833.636764256,-134367.595394009,"aedes"
"29",-117.903915,33.775497,4,1,194181.049572587,-468919.584318071,"aedes"
"30",-117.1304228,32.7086842,4,1,269396.066465275,-585212.767596031,"aedes"
"31",-117.1297708,32.7299831000001,4,1,269385.855942396,-582853.328700173,"aedes"
"32",-117.1148484,32.7152395,4,1,270835.654885923,-584442.791075729,"aedes"
"33",-117.1078227,32.6917946,4,1,271574.164629899,-587017.744995552,"aedes"
"34",-118.082343,34.099061,4,1,176928.027732196,-433388.839678444,"aedes"
"35",-117.9925,33.859167,4,1,185779.369241008,-459820.299193908,"aedes"
"36",-117.926914,34.020866,4,1,191455.782807512,-441759.153203184,"aedes"
"37",-117.914209,33.838993,4,1,193072.676647233,-461900.728002944,"aedes"
"38",-119.735046,36.725249,4,1,23631.9444487033,-143487.919200649,"aedes"
"39",-119.723539,36.742861,4,1,24652.5742915387,-141527.512907098,"aedes"
"40",-118.061795,34.097712,4,1,178826.638698823,-433499.928135809,"aedes"
"41",-118.003261,34.092408,4,1,184238.835973302,-433976.177201871,"aedes"
"42",-117.965456,34.019131,4,1,187901.00789406,-442028.667920437,"aedes"
"43",-117.854034,34.025476,4,1,198173.739709071,-441098.168190325,"aedes"
"44",-117.1404153,32.7075695,4,1,268461.976220321,-585364.499270529,"aedes"
"45",-117.0136102,32.6757206,4,1,280473.87408348,-588522.54030254,"aedes"
"46",-116.9755836,32.8718415,4,1,283351.222550553,-566699.999688907,"aedes"
"47",-119.805802,36.764522,4,1,17312.0878626228,-139138.280510907,"aedes"
"48",-119.800657,36.787153,4,1,17765.4689644913,-136621.961505379,"aedes"
"49",-119.713639,36.834853,4,1,25504.5155543432,-131300.299636032,"aedes"
"50",-119.568917,36.713056,4,1,38455.4806653641,-144788.674522031,"aedes"
"51",-117.933056,33.915278,4,1,191143.94852186,-453480.397364795,"aedes"
"52",-117.897255,34.008303,4,1,194225.33640426,-443092.020607957,"aedes"
"53",-117.796704,34.132868,4,1,203190.135082654,-429066.865584413,"aedes"
"54",-117.322824,34.062758,4,1,247100.853497194,-435716.458450453,"aedes"
"55",-115.693185,32.794136,4,1,403816.839022902,-570652.818555832,"aedes"
"56",-115.57431,32.804885,4,1,414899.211352145,-568950.247862431,"aedes"
"57",-115.563051,32.792,4,1,416020.70943321,-570326.412074638,"aedes"
"58",-115.542747,32.7865109999999,4,1,417951.630580167,-570844.354293718,"aedes"
"59",-115.518816,33.12712,4,1,418411.082841083,-533048.461513374,"aedes"
"60",-115.620341,33.0395479999999,4,1,409386.606110294,-543184.031957151,"aedes"
"61",-115.522076,32.97207,4,1,418917.923022767,-550222.107936311,"aedes"
"62",-115.492535,32.675263,4,1,423241.948395647,-582927.750156304,"aedes"
"63",-119.867258,36.740441,4,1,11837.2102773879,-141824.310494689,"aedes"
"64",-119.765739,36.888415,4,1,20849.5967897136,-125359.67952993,"aedes"
"65",-119.761989,36.892353,4,1,21182.2546003815,-124921.136362039,"aedes"
"66",-119.68028,36.746398,4,1,28508.7175943913,-141122.257349406,"aedes"
"67",-119.304969,36.305618,4,1,62333.0048527702,-189929.061076384,"aedes"
"68",-118.037104,34.111536,4,1,181072.658021387,-431919.857273628,"aedes"
"69",-117.955278,33.756667,4,1,189468.569533661,-471111.114610253,"aedes"
"70",-117.915664,34.038332,4,1,192451.983942335,-439799.422491249,"aedes"
"71",-117.913504,33.938871,4,1,192894.17449009,-450824.647164248,"aedes"
"72",-117.866912,34.0928000000001,4,1,196816.647561266,-433658.733225582,"aedes"
"73",-117.503925,34.040128,4,1,230455.509033239,-438681.945111412,"aedes"
"74",-117.344211,34.154176,4,1,244843.301161609,-425634.459161899,"aedes"
"75",-117.0089162,32.8100403999999,4,1,280445.32974264,-573640.795607057,"aedes"
"76",-115.624384,33.033418,4,1,409040.295705637,-543879.916978409,"aedes"
"77",-115.5751,32.844991,4,1,414617.942227251,-564516.471602304,"aedes"
"78",-115.55885,32.831984,4,1,416206.926285411,-565884.343683777,"aedes"
"79",-115.492337,32.667098,4,1,423303.498468368,-583829.980189471,"aedes"
"80",-119.833169,36.538003,4,1,14916.6973723151,-164318.488817476,"aedes"
"81",-119.665205,36.758077,4,1,29848.3321663748,-139819.552046589,"aedes"
"82",-119.508303,36.727057,4,1,43854.5307511227,-143206.235795421,"aedes"
"83",-119.320972,36.628806,4,1,60640.576707134,-154022.685639079,"aedes"
"84",-119.295898,36.537595,4,1,62955.0480831803,-164143.187519907,"aedes"
"85",-119.215744,36.319554,4,1,70322.0670508197,-188318.002439394,"aedes"
"86",-118.061364,34.170912,4,1,178700.348989304,-425380.161851455,"aedes"
"87",-117.844444,33.788333,4,1,199657.131194821,-467372.979277722,"aedes"
"88",-117.704187,34.022108,4,1,212018.069086842,-441147.507885349,"aedes"
"89",-117.65041,34.058304,4,1,216883.848016766,-437011.977196036,"aedes"
"90",-117.404311,34.205022,4,1,239149.515039099,-420148.971927637,"aedes"
"91",-117.130174,33.824481,4,1,265676.916066661,-461612.812060259,"aedes"
"92",-117.12061,33.843332,4,1,266498.555912551,-459496.322883345,"aedes"
"93",-117.11672,33.8363,4,1,266882.193475263,-460264.887554795,"aedes"
"94",-119.919799,36.828077,4,1,7143.65277685028,-132089.104133896,"aedes"
"95",-119.8377,36.818976,4,1,14458.1406019146,-133091.240061339,"aedes"
"96",-119.706539,36.817974,4,1,26142.6692397066,-133174.429268507,"aedes"
"97",-119.69095,36.871331,4,1,27512.072603472,-127239.465160435,"aedes"
"98",-119.287273,36.320151,4,1,63907.8825705424,-188302.324778844,"aedes"
"99",-119.269924,36.349142,4,1,65438.6769646188,-185068.893463165,"aedes"
"100",-118.158826,34.203289,4,1,169647.894341126,-421967.819320763,"aedes"
"101",-117.993889,34.063056,4,1,185172.362590425,-437213.253294227,"aedes"
"102",-117.970959,34.147101,4,1,187089.005732421,-427846.861882649,"aedes"
"103",-117.966206,34.088768,4,1,187666.024668868,-434307.216029141,"aedes"
"104",-117.939514,34.150197,4,1,189980.47760938,-427440.954941391,"aedes"
"105",-117.410121,33.961878,4,1,239351.127799758,-447126.099565467,"aedes"
"106",-115.558348,32.793075,4,1,416455.774216357,-570186.832718725,"aedes"
"107",-115.513554,33.120506,4,1,418936.689414564,-533757.256314015,"aedes"
"108",-115.387768,32.817169,4,1,432307.388724005,-566757.667768317,"aedes"
"109",-115.374937,32.819222,4,1,433498.003178641,-566471.956382155,"aedes"
"110",-120.049455,36.721961,4,1,-4411.29671502444,-143885.499727636,"aedes"
"111",-119.804362,36.796591,4,1,17433.1170250518,-135573.645699176,"aedes"
"112",-119.80327,36.780137,4,1,17534.2127670673,-137402.258238428,"aedes"
"113",-119.341086,36.349011,4,1,59060.4371857534,-185130.200646655,"aedes"
"114",-118.048333,34.118333,4,1,180021.432281539,-431187.361100082,"aedes"
"115",-117.887341,34.143134,4,1,194807.572278562,-428118.477292644,"aedes"
"116",-117.970977,34.131999,4,1,187123.206157954,-429521.908785634,"aedes"
"117",-117.947737,34.061344,4,1,189435.81805131,-437311.951161013,"aedes"
"118",-119.722492,36.726656,4,1,24751.2061007258,-143328.33429882,"aedes"
"119",-120.442862,36.855304,4,1,-39432.3731084623,-128973.638528457,"aedes"
"120",-119.885914,36.819978,4,1,10162.9532118478,-132986.176975525,"aedes"
"121",-119.650198,36.365664,4,1,31347.1147502432,-183427.100526528,"aedes"
"122",-119.215994,36.30514,4,1,70312.8943302665,-189919.901435113,"aedes"
"123",-119.144631,36.304452,4,1,76713.5486042534,-189940.990885224,"aedes"
"124",-117.911352,34.126858,4,1,192633.681488536,-429972.710946544,"aedes"
"125",-117.443273,33.91505,4,1,236428.094922334,-452401.293812502,"aedes"
"126",-117.372707,33.9841620000001,4,1,242739.47879229,-444560.188493349,"aedes"
"127",-117.29759,34.056261,4,1,249449.839759436,-436370.797771701,"aedes"
"128",-119.878096,36.794449,4,1,10863.031573931,-135822.811929741,"aedes"
"129",-119.679856,36.799811,4,1,28526.4919708522,-135185.496884495,"aedes"
"130",-119.646343,36.8642409999999,4,1,31485.9560487852,-128013.62299033,"aedes"
"131",-119.641586,36.353272,4,1,32124.0731624684,-184801.307291073,"aedes"
"132",-119.277884,36.537371,4,1,64565.8685613253,-164155.964007722,"aedes"
"133",-119.277804,36.522891,4,1,64585.2790492142,-165765.125158162,"aedes"
"134",-119.145667,35.402487,4,1,77523.4898325,-290143.877784677,"aedes"
"135",-118.343547,33.970889,4,1,153079.767623016,-448058.476414728,"aedes"
"136",-118.323433,33.876186,4,1,155124.146829768,-458528.01451869,"aedes"
"137",-118.145976,34.069744,4,1,171121.422770058,-436757.111825807,"aedes"
"138",-118.145124,34.098641,4,1,171137.344989862,-433550.598564509,"aedes"
"139",-118.104111,34.098129,4,1,174921.989442958,-433532.578125805,"aedes"
"140",-118.040981,34.164015,4,1,180594.762092503,-426106.559984595,"aedes"
"141",-118.002144,34.148705,4,1,184210.266426753,-427730.005622654,"aedes"
"142",-117.966522,33.945002,4,1,187978.914183535,-450251.278710814,"aedes"
"143",-117.955886,34.047117,4,1,188717.768461316,-438906.010331573,"aedes"
"144",-117.898493,34.102166,4,1,193880.179044046,-432685.052815614,"aedes"
"145",-117.878892,34.027355,4,1,195873.90559271,-440941.449439327,"aedes"
"146",-117.724328,34.126532,4,1,209880.318998617,-429611.903710178,"aedes"
"147",-117.71071,34.09335,4,1,211224.934865365,-433261.620791103,"aedes"
"148",-117.6275,34.02,4,1,219104.499532505,-441206.906798938,"aedes"
"149",-117.539532,33.934168,4,1,227473.761238631,-450517.089776378,"aedes"
"150",-117.387358,33.969863,4,1,241429.898891555,-446183.034006006,"aedes"
"151",-120.080588,36.732031,4,1,-7187.29466914574,-142764.338032023,"aedes"
"152",-119.78798,36.31114,4,1,19013.4710756479,-189522.821512785,"aedes"
"153",-119.668428,36.346042,4,1,29721.0800597703,-185613.520614933,"aedes"
"154",-119.34069,36.320067,4,1,59118.2954554221,-188346.336650829,"aedes"
"155",-119.295787,36.523057,4,1,62976.9731802529,-165758.777551047,"aedes"
"156",-119.287341,36.305531,4,1,63913.9957270687,-189926.985441293,"aedes"
"157",-119.145355,36.278877,4,1,76674.2339593622,-192783.477416863,"aedes"
"158",-119.107827,36.421003,4,1,79892.3465261837,-176959.002174089,"aedes"
"159",-119.052334,35.329922,4,1,86072.9612618607,-298122.198044991,"aedes"
"160",-117.910311,33.721978,4,1,193719.410308523,-474865.98274973,"aedes"
"161",-117.73917,34.117099,4,1,208536.689426846,-430690.820951358,"aedes"
"162",-119.821107,36.752775,4,1,15950.1521088089,-140446.620322148,"aedes"
"163",-119.790983,36.645239,4,1,18662.3679708721,-152392.947695211,"aedes"
"164",-119.749786,34.454472,4,1,22983.2724312611,-395713.063107763,"aedes"
"165",-119.126987,36.289705,4,1,78310.9902877582,-191565.251947871,"aedes"
"166",-117.92759,33.806699,4,1,191912.530349041,-465508.443959821,"aedes"
"167",-117.710479,33.97969,4,1,211550.743614918,-445865.276534917,"aedes"
"168",-117.695953,34.0708380000001,4,1,212646.945219558,-435725.182355915,"aedes"
"169",-117.387992,34.010255,4,1,241247.902076132,-441706.016205046,"aedes"
"170",-117.386361,33.96345,4,1,241541.61406806,-446891.544519677,"aedes"
"171",-119.2702574,36.307683,4,1,65444.250175253,-189676.189183538,"aedes"
"172",-117.940369,34.071056,4,1,190092.410039441,-436220.108764884,"aedes"
"173",-117.365398,33.8910799999999,4,1,243701.461061084,-454861.639251411,"aedes"
"174",-117.349436,33.695671,4,1,245783.329175618,-476482.18968916,"aedes"
"175",-115.564951,32.867709,4,1,415450.533423665,-561958.461716499,"aedes"
"176",-115.550814,32.977096,4,1,416205.333487674,-549792.555058204,"aedes"
"177",-115.274167,32.773889,4,1,443185.426522109,-571020.678976658,"aedes"
"178",-120.843682,37.47606,4,1,-74506.5212747842,-59732.3766001621,"aedes"
"179",-119.884343,36.766599,4,1,10310.1109566726,-138918.976015926,"aedes"
"180",-119.834897,36.842045,4,1,14703.3854740098,-130526.711339472,"aedes"
"181",-119.831808,36.748342,4,1,14996.9154159461,-140941.09032863,"aedes"
"182",-119.763441,36.739656,4,1,21095.3295041203,-141893.382320719,"aedes"
"183",-119.753371,36.878447,4,1,21953.24536542,-126464.824494872,"aedes"
"184",-119.752378,36.752413,4,1,22078.1831867493,-140472.972642923,"aedes"
"185",-119.749534,36.747863,4,1,22333.0917077701,-140978.013267803,"aedes"
"186",-119.748962,36.713091,4,1,22394.3205062946,-144842.585085516,"aedes"
"187",-119.499656,36.534105,4,1,44738.9582271172,-164646.805620438,"aedes"
"188",-119.484416,36.555552,4,1,46088.6814797708,-162255.971426602,"aedes"
"189",-119.340753,36.334422,4,1,59101.5559590569,-186751.191406017,"aedes"
"190",-119.323217,36.363762,4,1,60650.3646673782,-183479.702358434,"aedes"
"191",-119.32266,36.305669,4,1,60746.3940071114,-189934.883547571,"aedes"
"192",-119.287651,36.334625,4,1,63861.9058794477,-186694.177848232,"aedes"
"193",-119.198616,36.29055,4,1,71885.0913778559,-191528.121116541,"aedes"
"194",-119.126583,35.409833,4,1,79247.639768899,-289312.236590551,"aedes"
"195",-119.089332,35.324498,4,1,82718.4577654197,-298757.504658894,"aedes"
"196",-119.0706435,36.39478582,4,1,83250.5081614931,-179840.394375442,"aedes"
"197",-119.02566,35.31284,4,1,88515.0743223672,-299994.635567257,"aedes"
"198",-119.008962,35.299364,4,1,90047.6135725634,-301475.43452687,"aedes"
"199",-118.150466,34.156044,4,1,170520.32758753,-427193.332915724,"aedes"
"200",-118.11264,34.08835,4,1,174156.767632016,-434632.866400002,"aedes"
"201",-118.051194,34.143905,4,1,179699.257393232,-428356.491747246,"aedes"
"202",-117.991845,34.158549,4,1,185136.594748395,-426618.096909306,"aedes"
"203",-117.810176,34.093882,4,1,202047.873002104,-433419.404862746,"aedes"
"204",-117.656891,34.083661,4,1,216216.202750131,-434214.785432979,"aedes"
"205",-117.64667,34.076348,4,1,217179.317137751,-435002.413227381,"aedes"
"206",-117.589227,34.021744,4,1,222633.401111775,-440924.354871527,"aedes"
"207",-116.990056,33.923611,4,1,278295.228447962,-450221.943596438,"aedes"
"208",-119.92394,36.828905,4,1,6774.73015996813,-131997.380079548,"aedes"
"209",-119.911159,36.817331,4,1,7914.35243270396,-133282.820308634,"aedes"
"210",-119.911152,36.840272,4,1,7912.59929804694,-130732.938924372,"aedes"
"211",-119.882922,36.790968,4,1,10433.453318472,-136210.265666882,"aedes"
"212",-119.882847,36.842061,4,1,10433.1460464912,-130531.329506775,"aedes"
"213",-119.849473,36.801705,4,1,13412.4050426477,-135012.625074797,"aedes"
"214",-119.846557,36.791422,4,1,13674.0755587721,-136155.13843857,"aedes"
"215",-119.840261,36.831001,4,1,14227.7522837931,-131755.065879758,"aedes"
"216",-119.805365,36.818148,4,1,17338.8300716508,-133177.816551724,"aedes"
"217",-119.3545705,36.318566,4,1,57874.8269267569,-188521.702571716,"aedes"
"218",-119.2996454,36.3463256,4,1,62777.0258440401,-185401.972618568,"aedes"
"219",-119.271955,35.4929449999999,4,1,65987.0073776185,-280192.777255313,"aedes"
"220",-119.157264,35.390161,4,1,76483.3539797419,-291522.233160354,"aedes"
"221",-119.124594,35.318024,4,1,79522.2406946308,-299506.653046684,"aedes"
"222",-119.089864,36.420997,4,1,81500.8559013232,-176944.372884745,"aedes"
"223",-119.088057,35.230223,4,1,82934.9611667405,-309225.62345438,"aedes"
"224",-119.067208,35.407933,4,1,84636.8193617846,-289471.909802159,"aedes"
"225",-119.0081,35.32592,4,1,90095.0815402273,-298525.518955767,"aedes"
"226",-118.927595,35.39973,4,1,97314.4065929378,-290248.900688753,"aedes"
"227",-117.986823,34.051539,4,1,185851.614028185,-438476.708399755,"aedes"
"228",-117.901314,34.13031,4,1,193550.841256059,-429569.409102672,"aedes"
"229",-117.89665,33.751474,4,1,194913.059892208,-471567.995554423,"aedes"
"230",-115.366388,32.816649,4,1,434312.570413449,-566717.463662635,"aedes"
"231",-119.2869457,36.43409149,4,1,63842.013132347,-175640.351485675,"aedes"
"232",-119.162559,36.304654,4,1,75105.5239610561,-189932.905766565,"aedes"
"233",-119.11113,35.37959,4,1,80681.1840263026,-292657.983915057,"aedes"
"234",-119.083701,35.412711,4,1,83135.2450121496,-288955.861338663,"aedes"
"235",-118.994381,35.364563,4,1,91295.6275100825,-294220.906740225,"aedes"
"236",-118.962127,35.360061,4,1,94229.1827645272,-294689.307571598,"aedes"
"237",-117.693877,34.019918,4,1,212975.918392296,-441367.251818653,"aedes"
"238",-118.030994,34.089716,4,1,181686.484812754,-434328.232614852,"aedes"
"239",-120.455874,36.863634,4,1,-40586.4969904302,-128042.283569076,"aedes"
"240",-120.444167,36.852781,4,1,-39549.8836480379,-129253.522287189,"aedes"
"241",-119.340547,36.305545,4,1,59142.3406519341,-189959.978808613,"aedes"
"242",-119.285667,34.440937,4,1,65624.4887811587,-396998.339746659,"aedes"
"243",-119.0355152,36.3735860000001,4,1,86421.1117037266,-182164.755475242,"aedes"
"244",-118.666025,34.153922,4,1,122994.869751864,-428226.846190207,"aedes"
"245",-117.993699,34.121891,4,1,185051.765940749,-430687.59742192,"aedes"
"246",-117.90006,33.91668,4,1,194191.358807367,-453257.884234991,"aedes"
"247",-117.867834,33.745573,4,1,197597.641332527,-472162.553019289,"aedes"
"248",-117.717143,33.978122,4,1,210939.299992343,-446053.995858323,"aedes"
"249",-117.368166,34.078707,4,1,242867.807092532,-434065.077356985,"aedes"
"250",-117.180704,34.025705,4,1,260336.83918293,-439444.617298461,"aedes"
"251",-115.489836,32.665822,4,1,423544.902998448,-583959.943283399,"aedes"
"252",-119.392778,36.322778,4,1,54445.8562052145,-188076.295305785,"aedes"
"253",-119.3446805,36.3488679,4,1,58738.3659948872,-185148.337036733,"aedes"
"254",-117.604403,34.113442,4,1,220975.166731061,-430791.064504078,"aedes"
"255",-117.450615,33.917115,4,1,235743.165045003,-452190.625496341,"aedes"
"256",-117.0249865,32.6156676,4,1,279614.432354904,-595202.493306036,"aedes"
"257",-116.967006,32.8493984,4,1,284234.083583772,-569158.93262058,"aedes"
"258",-121.976721,38.522627,4,1,-172130.963364802,58072.3681920087,"aedes"
"259",-119.88503,36.762006,4,1,10249.4852565898,-139429.549423439,"aedes"
"260",-119.884053,36.797693,4,1,10331.7524417867,-135462.920163764,"aedes"
"261",-119.843391,36.78945,4,1,13956.57622817,-136373.856405298,"aedes"
"262",-119.827068,36.692976,4,1,15430.7857885405,-147093.903646717,"aedes"
"263",-119.817434,36.708076,4,1,16287.2035638556,-145414.022612522,"aedes"
"264",-119.803192,36.774801,4,1,17542.3938465438,-137995.322749783,"aedes"
"265",-119.518544,36.717978,4,1,42946.2689239479,-144219.996089896,"aedes"
"266",-119.4848496,36.4545862999999,4,1,46110.8625646006,-173477.587972605,"aedes"
"267",-119.4084321,36.549812,4,1,52884.8574631554,-162854.218792173,"aedes"
"268",-119.386026,36.552885,4,1,54885.6694871469,-162499.9609067,"aedes"
"269",-119.385889,36.538383,4,1,54908.3568789051,-164111.564710191,"aedes"
"270",-119.37302,36.534496,4,1,56061.8265692871,-164536.012219006,"aedes"
"271",-119.35886,36.349213,4,1,57467.1710202292,-185118.682761717,"aedes"
"272",-119.341052,36.363784,4,1,59052.076177718,-183488.523087134,"aedes"
"273",-119.323195,36.349227,4,1,60663.8650599148,-185094.894682148,"aedes"
"274",-119.321561,36.220644,4,1,60912.554908162,-199382.192464142,"aedes"
"275",-119.21609,36.290661,4,1,70317.586434672,-191528.898195455,"aedes"
"276",-119.087232,35.425113,4,1,82801.6291370752,-287581.567221825,"aedes"
"277",-118.091373,34.138591,4,1,176006.731245881,-429021.233889387,"aedes"
"278",-117.980154,34.137684,4,1,186263.567694218,-428909.437059233,"aedes"
"279",-117.966723,33.866855,4,1,188146.188882811,-458917.022632008,"aedes"
"280",-117.923321,33.820442,4,1,192274.412277466,-463976.074888722,"aedes"
"281",-117.860241,33.714058,4,1,198380.055407595,-475640.45851884,"aedes"
"282",-117.722607,33.97652,4,1,210438.784043722,-446243.779668056,"aedes"
"283",-117.680357,34.022806,4,1,214216.434595123,-441016.539202238,"aedes"
"284",-117.665084,34.155611,4,1,215263.728963233,-426254.014136298,"aedes"
"285",-117.396573,33.692067,4,1,241424.464858485,-477002.773919482,"aedes"
"286",-116.310944,33.731525,4,1,341884.846520321,-469289.919284388,"aedes"
"287",-121.377868,38.58872,4,1,-119880.799849262,64495.6715316908,"aedes"
"288",-120.785748,37.425551,4,1,-69436.963790313,-65390.9712781389,"aedes"
"289",-120.076186,36.72594,4,1,-6795.24719937308,-143441.645095949,"aedes"
"290",-120.041418,36.731268,4,1,-3693.97779333947,-142851.441313853,"aedes"
"291",-119.813223,36.785056,4,1,16646.0404170457,-136857.33264078,"aedes"
"292",-119.668389,36.642239,4,1,29609.4879997062,-152695.12468739,"aedes"
"293",-119.602667,36.567389,4,1,35512.628568738,-160991.313196773,"aedes"
"294",-119.548855,36.522879,4,1,40345.7268281247,-165916.472608089,"aedes"
"295",-119.541175,36.529765,4,1,41028.8379630093,-165147.901473174,"aedes"
"296",-119.413222,36.3497369999999,4,1,52594.2510785154,-185092.02689433,"aedes"
"297",-119.403976,36.553241,4,1,53280.8208016498,-162470.639021225,"aedes"
"298",-119.344749,36.330903,4,1,58746.0217059094,-187144.722687847,"aedes"
"299",-119.340377,36.291009,4,1,59168.8233508641,-191575.148761611,"aedes"
"300",-119.3368256,36.36430283,4,1,59430.4190073903,-183428.225257616,"aedes"
"301",-119.3274,36.323081,4,1,60307.5748329915,-188003.034737673,"aedes"
"302",-119.3261463,36.2958003,4,1,60441.527728373,-191033.747182663,"aedes"
"303",-119.323079,36.3346019999999,4,1,60685.864466001,-186720.017256463,"aedes"
"304",-119.287906,36.349173,4,1,63826.9048128335,-185077.71388661,"aedes"
"305",-119.269575,36.320064,4,1,65494.8493464147,-188299.908051555,"aedes"
"306",-119.251761,36.319883,4,1,67092.3010221774,-188307.558486708,"aedes"
"307",-119.240108,36.357178,4,1,68103.9551711696,-184154.88686003,"aedes"
"308",-119.217844,36.381219,4,1,70077.2449495716,-181467.095223733,"aedes"
"309",-119.124295,35.37195,4,1,79494.0890779081,-293517.596873465,"aedes"
"310",-118.940198,35.342417,4,1,96241.9528398632,-296626.715050245,"aedes"
"311",-118.001624,33.842144,4,1,184974.924382927,-461725.630194745,"aedes"
"312",-117.944221,34.118763,4,1,189622.179171699,-430936.777665974,"aedes"
"313",-117.882302,33.926372,4,1,195809.240301095,-452146.660734436,"aedes"
"314",-117.855228,34.12646,4,1,197810.037331899,-429901.307360685,"aedes"
"315",-117.731383,33.988316,4,1,209596.702575793,-444955.17859214,"aedes"
"316",-117.697093,34.053453,4,1,212588.602168308,-437655.669820308,"aedes"
"317",-117.595119,34.136635,4,1,221766.093507402,-428197.246193821,"aedes"
"318",-117.542955,33.88909,4,1,227286.930983426,-455523.288560148,"aedes"
"319",-117.533105,33.887602,4,1,228202.185369089,-455664.604957408,"aedes"
"320",-117.481237,34.162747,4,1,232188.366373559,-425028.65763929,"aedes"
"321",-117.435041,33.915253,4,1,237188.536869877,-452358.225753096,"aedes"
"322",-117.378086,33.990733,4,1,242222.477784406,-443845.362762721,"aedes"
"323",-117.321174,34.152612,4,1,246971.472192413,-425748.150522976,"aedes"
"324",-117.243614,34.039434,4,1,254485.04207092,-438093.164583309,"aedes"
"325",-117.195839,34.047182,4,1,258869.205343965,-437104.729642536,"aedes"
"326",-117.184337,34.050553,4,1,259919.609096971,-436699.486249962,"aedes"
"327",-117.1221922,32.6952215,4,1,270213.769957202,-586679.496918933,"aedes"
"328",-116.9742881,32.8669098,4,1,283489.985576664,-567242.108201596,"aedes"
"329",-116.7602893,32.8367223,4,1,303647.036850543,-569921.236148695,"aedes"
"330",-115.514705,32.6746929999999,4,1,421164.777320134,-583089.534448056,"aedes"
"331",-115.497271,32.669553,4,1,422827.601477072,-583580.459259633,"aedes"
"332",-114.634298,32.739237,4,1,503348.770918418,-571658.717419356,"aedes"
"333",-119.313611,36.228333,4,1,61620.1367119741,-198522.663522109,"aedes"
"334",-119.301389,36.296944,4,1,62661.1689237531,-190890.574670563,"aedes"
"335",-117.549929,34.134606,4,1,225938.196534267,-428315.544912261,"aedes"
"336",-119.066971,35.397167,4,1,84670.089007414,-290667.370582148,"aedes"
"337",-117.72373,34.022629,4,1,210212.236467944,-441133.250540206,"aedes"
"338",-117.29109,34.096194,4,1,249923.102715128,-431925.652737434,"aedes"
"339",-117.284213,34.107809,4,1,250520.490830203,-430619.523786917,"aedes"
"340",-121.004458,37.258309,4,1,-88960.8655857089,-83798.4666975792,"aedes"
"341",-120.823901,37.508125,4,1,-72728.7007092168,-56183.4058955247,"aedes"
"342",-119.897526,36.601259,4,1,9154.79511380541,-157296.592295658,"aedes"
"343",-119.458707,36.625398,4,1,48342.4815445963,-154480.63519988,"aedes"
"344",-119.3612618,36.3465651,4,1,57253.8760634746,-185414.385133428,"aedes"
"345",-119.356657,36.330708,4,1,57678.581304299,-187173.707809909,"aedes"
"346",-119.351667,36.234444,4,1,58199.090777902,-197867.678675552,"aedes"
"347",-119.34,36.209167,4,1,59265.9404705798,-200669.185921917,"aedes"
"348",-119.319444,36.2344440000001,4,1,61091.6174708787,-197847.394482864,"aedes"
"349",-119.310556,36.061944,4,1,62028.8202213301,-217008.777548651,"aedes"
"350",-119.309444,36.1975,4,1,62019.1717263989,-201946.033839105,"aedes"
"351",-119.304958,36.3201669999999,4,1,62322.1406535629,-188312.326454781,"aedes"
"352",-119.303333,36.293333,4,1,62489.7549839149,-191293.119916764,"aedes"
"353",-119.283579,36.315299,4,1,64243.1792154508,-188838.995644426,"aedes"
"354",-119.233941,36.363688,4,1,68650.8051001202,-183427.014729036,"aedes"
"355",-119.134237,35.37324,4,1,78590.2975229639,-293382.624536774,"aedes"
"356",-119.125206,35.342063,4,1,79442.0168673625,-296837.520949081,"aedes"
"357",-119.12105,35.414728,4,1,79744.6114429824,-288763.948997554,"aedes"
"358",-119.11481,35.428015,4,1,80296.9561548171,-287282.997097118,"aedes"
"359",-119.105419,35.394561,4,1,81183.8595902903,-290990.438162095,"aedes"
"360",-119.07963,35.40777,4,1,83509.9199967318,-289501.033397738,"aedes"
"361",-119.071334,35.298667,4,1,84381.312339761,-301610.239530923,"aedes"
"362",-119.068425,35.415145,4,1,84518.5286230472,-288672.025630707,"aedes"
"363",-119.060366,35.298802,4,1,85377.717269231,-301585.423612534,"aedes"
"364",-119.032725,35.362346,4,1,87817.1793021427,-294503.35456223,"aedes"
"365",-119.025853,35.365188,4,1,88437.8120617881,-294181.34147488,"aedes"
"366",-117.974506,34.103129,4,1,186866.232569073,-432730.858287402,"aedes"
"367",-117.890159,33.746417,4,1,195526.944575643,-472115.267228622,"aedes"
"368",-117.701919,34.0322,4,1,212200.338940845,-440023.31058301,"aedes"
"369",-117.664408,34.079463,4,1,215534.166189318,-434697.451894015,"aedes"
"370",-117.660421,34.088464,4,1,215877.379620075,-433690.186479953,"aedes"
"371",-117.659367,34.037954,4,1,216112.957226825,-439289.11480326,"aedes"
"372",-117.653807,34.075071,4,1,216524.312240791,-435160.354259336,"aedes"
"373",-117.647174,34.025247,4,1,217273.501581455,-440670.344007831,"aedes"
"374",-117.612639,34.082657,4,1,220301.620003427,-434224.241503758,"aedes"
"375",-117.556554,34.12858,4,1,225344.622487595,-428999.605081402,"aedes"
"376",-117.366586,34.090662,4,1,242976.737961906,-432735.341121199,"aedes"
"377",-117.245194,33.956111,4,1,254607.737742855,-447335.872303477,"aedes"
"378",-117.0057023,32.5910215,4,1,281512.486424983,-597872.947926195,"aedes"
"379",-116.039578,33.398183,4,1,368563.037551522,-505199.364191687,"aedes"
"380",-115.562114,32.757056,4,1,416289.605570132,-574188.122881291,"aedes"
"381",-119.885257,36.82413,4,1,10220.9237075892,-132524.61479377,"aedes"
"382",-119.878901,36.79092,4,1,10791.7956701168,-136215.145931628,"aedes"
"383",-119.511408,36.727238,4,1,43577.4943599324,-143187.551011003,"aedes"
"384",-119.7355,36.684726,4,1,23604.0087177918,-147991.889003597,"aedes"
"385",-117.397169,33.958784,4,1,240557.243445763,-447436.369895791,"aedes"
"386",-117.2465937,33.2158187,4,1,256861.709543863,-529380.022924609,"aedes"
"387",-120.070528,36.964926,4,1,-6270.72380319939,-116878.758122656,"aedes"
"388",-119.768966,36.739171,4,1,20602.7632832247,-141948.510145708,"aedes"
"389",-120.051848,36.723827,4,1,-4624.63053538176,-143677.989030309,"aedes"
"390",-117.624346,34.024843,4,1,219382.253843148,-440662.57456583,"aedes"
"391",-120.454378,37.329458,4,1,-40205.019308139,-76264.365181522,"aedes"
"392",-119.776784,36.759678,4,1,19900.2192718314,-139670.937511072,"aedes"
"393",-119.776918,36.788959,4,1,19880.6254194199,-136416.488515487,"aedes"
"394",-119.813378,36.829301,4,1,16622.5643021566,-131939.620506681,"aedes"
"395",-116.209374788284,33.2810417575701,4,0,353289.15625,-518818.3125,"aedes"
"396",-118.115588169776,33.7869776826253,4,0,174549.15625,-468058.3125,"aedes"
"397",-116.64457694186,33.889429198467,4,0,310359.15625,-452938.3125,"aedes"
"398",-116.397162532714,33.9354463293514,4,0,333039.15625,-446998.3125,"aedes"
"399",-115.73304923166,33.027407720225,4,0,398919.15625,-545008.3125,"aedes"
"400",-117.240872696956,33.1184595220407,4,0,257709.15625,-540148.3125,"aedes"
"401",-116.108202333444,32.9190750386836,4,0,364359.15625,-558508.3125,"aedes"
"402",-115.908285651622,33.1607636538205,4,0,381909.15625,-530968.3125,"aedes"
"403",-114.888907739769,32.9384254434899,4,0,478299.15625,-550948.3125,"aedes"
"404",-115.902001750001,33.6213507859158,4,0,380289.15625,-479938.3125,"aedes"
"405",-115.277342726995,33.1579848021069,4,0,440769.15625,-528538.3125,"aedes"
"406",-115.803458619043,33.2276278615893,4,0,391359.15625,-523138.3125,"aedes"
"407",-116.037942871115,33.1727226641278,4,0,369759.15625,-530158.3125,"aedes"
"408",-116.169858165545,33.1382740298004,4,0,357609.15625,-534478.3125,"aedes"
"409",-116.037921732278,33.2897712682266,4,0,369219.15625,-517198.3125,"aedes"
"410",-115.918409019186,33.5853809116293,4,0,378939.15625,-483988.3125,"aedes"
"411",-116.082505360534,34.1515954042055,4,0,361119.15625,-421888.3125,"aedes"
"412",-115.890504240352,33.6184963859301,4,0,381369.15625,-480208.3125,"aedes"
"413",-115.484737201577,33.6883575569919,4,0,418629.15625,-470758.3125,"aedes"
"414",-116.195408647129,33.6949573447859,4,0,352749.15625,-472918.3125,"aedes"
"415",-114.639557745603,32.9096857127003,4,0,501789.15625,-552838.3125,"aedes"
"416",-115.959416249791,33.294297791107,4,0,376509.15625,-516388.3125,"aedes"
"417",-115.32813579297,32.9331904138361,4,0,437259.15625,-553648.3125,"aedes"
"418",-115.212922464552,33.4113914513695,4,0,445359.15625,-500188.3125,"aedes"
"419",-116.060460307313,33.18570699399,4,0,367599.15625,-528808.3125,"aedes"
"420",-118.146447014185,33.8386228842856,4,0,171579.15625,-462388.3125,"aedes"
"421",-115.137464393027,33.1251823916572,4,0,453999.15625,-531508.3125,"aedes"
"422",-116.393164686426,33.3187695294498,4,0,336009.15625,-515308.3125,"aedes"
"423",-115.852188550108,33.0147971268204,4,0,387849.15625,-546898.3125,"aedes"
"424",-115.732634470656,33.5224530314747,4,0,396489.15625,-490198.3125,"aedes"
"425",-116.185763385623,33.6532036526209,4,0,353829.15625,-477508.3125,"aedes"
"426",-115.352025071645,32.9195418314488,4,0,435099.15625,-555268.3125,"aedes"
"427",-118.207739889624,33.8371714936199,4,0,165909.15625,-462658.3125,"aedes"
"428",-116.182627448729,34.3230402340426,4,0,351129.15625,-403258.3125,"aedes"
"429",-115.871309916729,33.5397930771204,4,0,383529.15625,-488848.3125,"aedes"
"430",-115.189517128127,33.0298210696304,4,0,449679.15625,-542308.3125,"aedes"
"431",-115.806064507482,33.3984220298826,4,0,390279.15625,-504238.3125,"aedes"
"432",-116.599676804478,33.9148895958515,4,0,314409.15625,-449968.3125,"aedes"
"433",-115.204995508811,33.1573620690197,4,0,447519.15625,-528268.3125,"aedes"
"434",-115.126548903041,32.9246047040598,4,0,456159.15625,-553648.3125,"aedes"
"435",-115.496048459936,33.2328181413942,4,0,419979.15625,-521248.3125,"aedes"
"436",-115.932396662723,33.5395699063458,4,0,377859.15625,-489118.3125,"aedes"
"437",-118.539196070743,34.0537270777259,4,0,134859.15625,-439168.3125,"aedes"
"438",-116.296966148668,33.1425326168396,4,0,345729.15625,-534478.3125,"aedes"
"439",-115.219700718476,33.2019024195846,4,0,445899.15625,-523408.3125,"aedes"
"440",-115.412116405598,33.1806412829021,4,0,428079.15625,-526648.3125,"aedes"
"441",-115.048583083344,33.111540422515,4,0,462369.15625,-532588.3125,"aedes"
"442",-116.016230308722,33.2597453148128,4,0,371379.15625,-520438.3125,"aedes"
"443",-114.715357433339,32.8986393332282,4,0,494769.15625,-554458.3125,"aedes"
"444",-116.201109988782,33.6975856173998,4,0,352209.15625,-472648.3125,"aedes"
"445",-118.369042313392,34.0781940707058,4,0,150519.15625,-436198.3125,"aedes"
"446",-116.027925122496,32.8503873439683,4,0,372189.15625,-565798.3125,"aedes"
"447",-115.9779822498,33.5582642205475,4,0,373539.15625,-487228.3125,"aedes"
"448",-116.001277621469,33.2689691425275,4,0,372729.15625,-519358.3125,"aedes"
"449",-116.513529459238,33.8148332937117,4,0,322779.15625,-460768.3125,"aedes"
"450",-115.785595603106,33.2367154077185,4,0,392979.15625,-522058.3125,"aedes"
"451",-115.77460484201,32.897235780715,4,0,395679.15625,-559588.3125,"aedes"
"452",-116.24373203238,33.2285514574003,4,0,350319.15625,-524758.3125,"aedes"
"453",-115.144414536611,32.8204266270702,4,0,455079.15625,-565258.3125,"aedes"
"454",-118.197938282442,33.8832801227165,4,0,166719.15625,-457528.3125,"aedes"
"455",-117.252262196201,32.9553889786424,4,0,257169.15625,-558238.3125,"aedes"
"456",-118.237592794693,33.9374666707319,4,0,162939.15625,-451588.3125,"aedes"
"457",-115.249364478094,32.9469616842912,4,0,444549.15625,-551758.3125,"aedes"
"458",-115.616402828892,33.6789043729187,4,0,406479.15625,-472378.3125,"aedes"
"459",-116.240957923501,33.5331897103673,4,0,349239.15625,-491008.3125,"aedes"
"460",-114.845303505685,32.9876870114029,4,0,482079.15625,-545278.3125,"aedes"
"461",-114.913512220339,32.778429049893,4,0,476949.15625,-568768.3125,"aedes"
"462",-115.673004592016,33.5494416557616,4,0,401889.15625,-486958.3125,"aedes"
"463",-115.403082936621,33.1363613768872,4,0,429159.15625,-531508.3125,"aedes"
"464",-115.678708147818,33.391176924967,4,0,402159.15625,-504508.3125,"aedes"
"465",-117.220800855983,32.9472987521891,4,0,260139.15625,-559048.3125,"aedes"
"466",-115.634623269393,33.3480238848301,4,0,406479.15625,-509098.3125,"aedes"
"467",-115.934024326658,32.7689355756087,4,0,381369.15625,-574438.3125,"aedes"
"468",-118.315456381181,34.1212308470207,4,0,155379.15625,-431338.3125,"aedes"
"469",-115.979862868339,34.1528938711242,4,0,370569.15625,-421348.3125,"aedes"
"470",-115.779067705822,33.0315871208019,4,0,394599.15625,-544738.3125,"aedes"
"471",-116.187504807729,33.2534828432538,4,0,355449.15625,-521788.3125,"aedes"
"472",-115.272557675055,32.9943075850432,4,0,442119.15625,-546628.3125,"aedes"
"473",-115.777251034583,33.1754311525292,4,0,394059.15625,-528808.3125,"aedes"
"474",-115.348220852766,33.1341040809068,4,0,434289.15625,-531508.3125,"aedes"
"475",-115.971220486828,32.8312823106833,4,0,377589.15625,-567688.3125,"aedes"
"476",-116.057065991386,32.8440979547283,4,0,369489.15625,-566608.3125,"aedes"
"477",-115.119333907523,32.8535085524501,4,0,457239.15625,-561478.3125,"aedes"
"478",-115.893668420657,32.8821432807419,4,0,384609.15625,-561748.3125,"aedes"
"479",-115.740400092595,33.2691569707397,4,0,397029.15625,-518278.3125,"aedes"
"480",-115.913379773034,32.72181755694,4,0,383529.15625,-579568.3125,"aedes"
"481",-114.910027313465,33.0150499876035,4,0,475869.15625,-542578.3125,"aedes"
"482",-115.922873412172,33.6684150078067,4,0,378129.15625,-474808.3125,"aedes"
"483",-115.424469498746,33.2177346510647,4,0,426729.15625,-522598.3125,"aedes"
"484",-115.867129014051,32.8933667360784,4,0,387039.15625,-560398.3125,"aedes"
"485",-115.118064731732,33.3951310943598,4,0,454269.15625,-501538.3125,"aedes"
"486",-118.50666148892,34.0727795181153,4,0,137829.15625,-437008.3125,"aedes"
"487",-114.873196568749,32.8229746251491,4,0,480459.15625,-563638.3125,"aedes"
"488",-115.799698280037,33.4640158953771,4,0,390549.15625,-496948.3125,"aedes"
"489",-118.436319422902,34.0791379534605,4,0,144309.15625,-436198.3125,"aedes"
"490",-114.817891716554,32.7862461315974,4,0,485859.15625,-567418.3125,"aedes"
"491",-115.95752577749,33.1601056746423,4,0,377319.15625,-531238.3125,"aedes"
"492",-115.87926875336,33.1621429910996,4,0,384609.15625,-530698.3125,"aedes"
"493",-115.981942669491,33.5949678919966,4,0,372999.15625,-483178.3125,"aedes"
"494",-116.381325809415,33.8984013546169,4,0,334659.15625,-451048.3125,"aedes"
"495",-115.911337802253,32.931584252382,4,0,382719.15625,-556348.3125,"aedes"
"496",-115.584516666589,33.4143528867481,4,0,410799.15625,-501538.3125,"aedes"
"497",-114.52324506811,32.7526666257921,4,0,513669.15625,-569578.3125,"aedes"
"498",-116.018807143825,32.8598226865406,4,0,372999.15625,-564718.3125,"aedes"
"499",-115.283345627522,32.9093502692805,4,0,441579.15625,-556078.3125,"aedes"
"500",-116.375094623293,33.6521125778293,4,0,336279.15625,-478318.3125,"aedes"
"501",-116.509542478261,33.8390732491683,4,0,323049.15625,-458068.3125,"aedes"
"502",-115.119075661519,33.2366161519978,4,0,455079.15625,-519088.3125,"aedes"
"503",-116.256276425094,33.5166363809294,4,0,347889.15625,-492898.3125,"aedes"
"504",-114.775774737527,32.8575306496605,4,0,489369.15625,-559318.3125,"aedes"
"505",-116.108211873549,33.2751535229724,4,0,362739.15625,-519088.3125,"aedes"
"506",-114.935689949431,32.8380266377671,4,0,474519.15625,-562288.3125,"aedes"
"507",-115.280374759522,33.1556724621321,4,0,440499.15625,-528808.3125,"aedes"
"508",-116.096681220081,33.5697364323402,4,0,362469.15625,-486418.3125,"aedes"
"509",-115.535266836535,33.6708589341981,4,0,414039.15625,-472918.3125,"aedes"
"510",-114.844482452986,32.7313186069091,4,0,483699.15625,-573628.3125,"aedes"
"511",-116.56350302877,33.9405965546748,4,0,317649.15625,-446998.3125,"aedes"
"512",-116.694059165583,33.8933158800558,4,0,305769.15625,-452668.3125,"aedes"
"513",-116.518524089596,33.9002521613491,4,0,321969.15625,-451318.3125,"aedes"
"514",-115.839598931633,32.8679488045694,4,0,389739.15625,-563098.3125,"aedes"
"515",-115.729993996259,33.5174773152211,4,0,396759.15625,-490738.3125,"aedes"
"516",-115.739973194245,33.4398347186267,4,0,396219.15625,-499378.3125,"aedes"
"517",-118.691580656078,34.0361046707445,4,0,120819.15625,-441328.3125,"aedes"
"518",-115.504826310942,33.7452230646517,4,0,416469.15625,-464548.3125,"aedes"
"519",-115.873244085453,33.1107032169537,4,0,385419.15625,-536368.3125,"aedes"
"520",-114.963414852527,33.0394240389023,4,0,470739.15625,-540148.3125,"aedes"
"521",-115.8250516305,33.0918491375406,4,0,390009.15625,-538258.3125,"aedes"
"522",-115.163419846875,33.031139552307,4,0,452109.15625,-542038.3125,"aedes"
"523",-115.169817433427,33.3558943399646,4,0,449679.15625,-506128.3125,"aedes"
"524",-115.842851107202,33.1388517955379,4,0,388119.15625,-533128.3125,"aedes"
"525",-115.948134822715,33.3450978211773,4,0,377319.15625,-510718.3125,"aedes"
"526",-114.798089280504,32.7804435808829,4,0,487749.15625,-567958.3125,"aedes"
"527",-114.868464746209,32.7617216744469,4,0,481269.15625,-570388.3125,"aedes"
"528",-116.101353160571,33.2968608752796,4,0,363279.15625,-516658.3125,"aedes"
"529",-116.149780633898,33.2546375211145,4,0,358959.15625,-521518.3125,"aedes"
"530",-115.674620505183,33.4129659740732,4,0,402429.15625,-502078.3125,"aedes"
"531",-116.12466702987,33.4731975838931,4,0,360309.15625,-497218.3125,"aedes"
"532",-114.770534086723,32.9378461108203,4,0,489369.15625,-550408.3125,"aedes"
"533",-115.934726437107,32.6981920123949,4,0,381639.15625,-582268.3125,"aedes"
"534",-115.918296104068,33.0782012888117,4,0,381369.15625,-540148.3125,"aedes"
"535",-115.911959208773,32.9194085321277,4,0,382719.15625,-557698.3125,"aedes"
"536",-114.864552896278,32.9129021266326,4,0,480729.15625,-553648.3125,"aedes"
"537",-115.789130019591,33.2246538547219,4,0,392709.15625,-523408.3125,"aedes"
"538",-115.414026682862,33.1977949078799,4,0,427809.15625,-524758.3125,"aedes"
"539",-117.177300536301,32.9535275171199,4,0,264189.15625,-558238.3125,"aedes"
"540",-114.980542567218,33.0889988091305,4,0,468849.15625,-534748.3125,"aedes"
"541",-116.055080802575,34.2310291741509,4,0,363279.15625,-412978.3125,"aedes"
"542",-115.319809940496,33.1743981777724,4,0,436719.15625,-526918.3125,"aedes"
"543",-116.687817736461,33.9028776195773,4,0,306309.15625,-451588.3125,"aedes"
"544",-115.776645134591,33.3509952650262,4,0,393249.15625,-509368.3125,"aedes"
"545",-115.320342923477,33.3134623557058,4,0,435909.15625,-511528.3125,"aedes"
"546",-116.126741812983,34.2651453562683,4,0,356529.15625,-409468.3125,"aedes"
"547",-116.073840665907,33.6786235855505,4,0,364089.15625,-474268.3125,"aedes"
"548",-115.260733641347,33.2426702563928,4,0,441849.15625,-519088.3125,"aedes"
"549",-115.292751664464,33.0439589161639,4,0,439959.15625,-541228.3125,"aedes"
"550",-116.187039120976,33.2632202060618,4,0,355449.15625,-520708.3125,"aedes"
"551",-115.794392484233,33.1248539761092,4,0,392709.15625,-534478.3125,"aedes"
"552",-115.941311417123,33.4789460325449,4,0,377319.15625,-495868.3125,"aedes"
"553",-116.260362010302,33.3680759191069,4,0,348159.15625,-509368.3125,"aedes"
"554",-116.009230573359,33.0521992127817,4,0,372999.15625,-543388.3125,"aedes"
"555",-115.826858735458,33.3894401521709,4,0,388389.15625,-505318.3125,"aedes"
"556",-116.087240196771,33.2890567790232,4,0,364629.15625,-517468.3125,"aedes"
"557",-115.90409850176,33.01670314513,4,0,382989.15625,-546898.3125,"aedes"
"558",-115.790153736719,32.8758613963506,4,0,394329.15625,-562018.3125,"aedes"
"559",-115.883522890881,32.742685369518,4,0,386229.15625,-577138.3125,"aedes"
"560",-115.199912571821,33.1937408514462,4,0,447789.15625,-524218.3125,"aedes"
"561",-114.797332622838,32.8365625371059,4,0,487479.15625,-561748.3125,"aedes"
"562",-115.855107409552,32.9026820641189,4,0,388119.15625,-559318.3125,"aedes"
"563",-114.551930716967,32.8395344390018,4,0,510429.15625,-560128.3125,"aedes"
"564",-114.87397463663,32.8108035339685,4,0,480459.15625,-564988.3125,"aedes"
"565",-115.004385107559,33.0778605245724,4,0,466689.15625,-536098.3125,"aedes"
"566",-115.611324813347,33.3495579375599,4,0,408639.15625,-508828.3125,"aedes"
"567",-115.440700095788,33.2379072723103,4,0,425109.15625,-520438.3125,"aedes"
"568",-118.437428551537,34.0231633649745,4,0,144309.15625,-442408.3125,"aedes"
"569",-115.711055688535,33.1680479623858,4,0,400269.15625,-529348.3125,"aedes"
"570",-116.466604110597,33.7549079308409,4,0,327369.15625,-467248.3125,"aedes"
"571",-115.264055671142,33.0403117013622,4,0,442659.15625,-541498.3125,"aedes"
"572",-114.900961143445,33.2025442080508,4,0,475599.15625,-521788.3125,"aedes"
"573",-115.053985392915,32.9775599255825,4,0,462639.15625,-547438.3125,"aedes"
"574",-116.345996399726,33.841235784997,4,0,338169.15625,-457258.3125,"aedes"
"575",-114.826187878565,32.9257832365864,4,0,484239.15625,-552028.3125,"aedes"
"576",-114.947267189089,33.1119096405492,4,0,471819.15625,-532048.3125,"aedes"
"577",-115.05886949717,32.7580926218413,4,0,463449.15625,-571738.3125,"aedes"
"578",-115.725892688431,33.1612957717319,4,0,398919.15625,-530158.3125,"aedes"
"579",-118.167858828728,33.9217566618441,4,0,169419.15625,-453208.3125,"aedes"
"580",-116.117556095552,33.2023233917684,4,0,362199.15625,-527188.3125,"aedes"
"581",-115.735656063839,33.2494671332569,4,0,397569.15625,-520438.3125,"aedes"
"582",-114.905312571353,33.1344176215627,4,0,475599.15625,-529348.3125,"aedes"
"583",-115.860910036903,33.2370715734422,4,0,385959.15625,-522328.3125,"aedes"
"584",-115.243083974832,33.2955913895742,4,0,443199.15625,-513148.3125,"aedes"
"585",-114.704346830036,32.8468499506705,4,0,496119.15625,-560128.3125,"aedes"
"586",-115.858334108669,33.4539916800489,4,0,385149.15625,-498298.3125,"aedes"
"587",-116.394989864464,33.8549836866763,4,0,333579.15625,-455908.3125,"aedes"
"588",-115.032295439163,32.9546354971203,4,0,464799.15625,-549868.3125,"aedes"
"589",-116.571451665427,33.8921176992251,4,0,317109.15625,-452398.3125,"aedes"
"590",-116.356970424972,33.2225204669615,4,0,339789.15625,-525838.3125,"aedes"
"591",-115.203497316877,33.4231858245643,4,0,446169.15625,-498838.3125,"aedes"
"592",-118.433200886947,34.0888320991385,4,0,144579.15625,-435118.3125,"aedes"
"593",-116.444984785015,33.8468149847224,4,0,328989.15625,-456988.3125,"aedes"
"594",-115.841340491159,32.8899727512982,4,0,389469.15625,-560668.3125,"aedes"
"595",-116.104252072888,33.1189481208447,4,0,363819.15625,-536368.3125,"aedes"
"596",-118.036227342937,33.695523344919,4,0,182109.15625,-478048.3125,"aedes"
"597",-115.635133074259,33.5504237423046,4,0,405399.15625,-486688.3125,"aedes"
"598",-115.655080341401,33.5048692120482,4,0,403779.15625,-491818.3125,"aedes"
"599",-115.883520778666,32.686555184206,4,0,386499.15625,-583348.3125,"aedes"
"600",-115.91805335068,33.3659569774462,4,0,380019.15625,-508288.3125,"aedes"
"601",-116.115068918121,34.3231987845757,4,0,357339.15625,-402988.3125,"aedes"
"602",-115.854184256396,33.4221442199013,4,0,385689.15625,-501808.3125,"aedes"
"603",-115.480719787881,33.7076993253342,4,0,418899.15625,-468598.3125,"aedes"
"604",-116.011145026966,33.3034563736706,4,0,371649.15625,-515578.3125,"aedes"
"605",-115.009853572539,33.0366176421041,4,0,466419.15625,-540688.3125,"aedes"
"606",-116.184260891594,33.6239075188815,4,0,354099.15625,-480748.3125,"aedes"
"607",-116.610407860937,33.9371331002938,4,0,313329.15625,-447538.3125,"aedes"
"608",-115.813666224675,33.1987424315112,4,0,390549.15625,-526378.3125,"aedes"
"609",-114.965062863903,32.829587296034,4,0,471819.15625,-563368.3125,"aedes"
"610",-115.038772010984,33.316051171945,4,0,462099.15625,-509908.3125,"aedes"
"611",-116.120492274005,33.6777941308216,4,0,359769.15625,-474538.3125,"aedes"
"612",-115.921555037384,33.0710021998508,4,0,381099.15625,-540958.3125,"aedes"
"613",-118.154456988337,33.8704079733413,4,0,170769.15625,-458878.3125,"aedes"
"614",-114.908043213541,32.9100053320516,4,0,476679.15625,-554188.3125,"aedes"
"615",-116.135434430114,33.2517076923056,4,0,360309.15625,-521788.3125,"aedes"
"616",-115.235406246041,33.3269767866605,4,0,443739.15625,-509638.3125,"aedes"
"617",-114.765282721498,33.0181524281184,4,0,489369.15625,-541498.3125,"aedes"
"618",-116.219043184384,33.8102761852574,4,0,350049.15625,-460228.3125,"aedes"
"619",-116.444694600306,33.7883336884778,4,0,329259.15625,-463468.3125,"aedes"
"620",-114.967315707607,33.1152497931967,4,0,469929.15625,-531778.3125,"aedes"
"621",-116.213560080487,33.6809437948068,4,0,351129.15625,-474538.3125,"aedes"
"622",-115.171532085408,33.3754808868719,4,0,449409.15625,-503968.3125,"aedes"
"623",-118.089102875012,33.9180260855161,4,0,176709.15625,-453478.3125,"aedes"
"624",-115.273439557332,33.1261043506515,4,0,441309.15625,-532048.3125,"aedes"
"625",-115.393418571814,33.0530151141285,4,0,430509.15625,-540688.3125,"aedes"
"626",-115.159023738234,32.864995261716,4,0,453459.15625,-560398.3125,"aedes"
"627",-114.930804370075,32.7328261581897,4,0,475599.15625,-573898.3125,"aedes"
"628",-116.034838448278,34.16699837927,4,0,365439.15625,-419998.3125,"aedes"
"629",-115.644974970326,33.4240176551143,4,0,405129.15625,-500728.3125,"aedes"
"630",-118.206139146017,33.9077581063434,4,0,165909.15625,-454828.3125,"aedes"
"631",-114.888752350024,32.9408592642089,4,0,478299.15625,-550678.3125,"aedes"
"632",-115.946060557032,33.2718717519695,4,0,377859.15625,-518818.3125,"aedes"
"633",-115.88494830397,33.6694807074149,4,0,381639.15625,-474538.3125,"aedes"
"634",-115.693194832227,33.2844330057418,4,0,401349.15625,-516388.3125,"aedes"
"635",-115.084432481232,32.7641021396794,4,0,461019.15625,-571198.3125,"aedes"
"636",-116.036987085926,33.1336684848071,4,0,370029.15625,-534478.3125,"aedes"
"637",-115.672719401601,33.1275522395689,4,0,404049.15625,-533668.3125,"aedes"
"638",-116.204027777856,33.5758278933648,4,0,352479.15625,-486148.3125,"aedes"
"639",-115.294154891913,33.3148107231982,4,0,438339.15625,-511258.3125,"aedes"
"640",-115.293199966733,33.0854568954264,4,0,439689.15625,-536638.3125,"aedes"
"641",-116.521709856183,33.7614846443448,4,0,322239.15625,-466708.3125,"aedes"
"642",-115.560063403822,33.2280444755762,4,0,414039.15625,-522058.3125,"aedes"
"643",-115.899657724779,33.3287148024161,4,0,381909.15625,-512338.3125,"aedes"
"644",-116.168254498415,33.1113932459003,4,0,357879.15625,-537448.3125,"aedes"
"645",-115.909590455704,33.6435622936604,4,0,379479.15625,-477508.3125,"aedes"
"646",-115.731457770858,33.5443501137274,4,0,396489.15625,-487768.3125,"aedes"
"647",-116.017281424523,34.1663864997136,4,0,367059.15625,-419998.3125,"aedes"
"648",-115.74098391668,33.366722926448,4,0,396489.15625,-507478.3125,"aedes"
"649",-116.065488339855,33.7295119968089,4,0,364629.15625,-468598.3125,"aedes"
"650",-116.553474027049,33.9695231957128,4,0,318459.15625,-443758.3125,"aedes"
"651",-116.13018250715,33.1808113083012,4,0,361119.15625,-529618.3125,"aedes"
"652",-116.213538082954,33.1934019522908,4,0,353289.15625,-528538.3125,"aedes"
"653",-114.86051375374,32.8858649702454,4,0,481269.15625,-556618.3125,"aedes"
"654",-116.560631873445,33.8723022441869,4,0,318189.15625,-454558.3125,"aedes"
"655",-115.069569173451,33.1466239168415,4,0,460209.15625,-528808.3125,"aedes"
"656",-114.848316633345,32.8511276204282,4,0,482619.15625,-560398.3125,"aedes"
"657",-114.841694251051,33.0436577040048,4,0,482079.15625,-539068.3125,"aedes"
"658",-116.159873749031,33.7668648558655,4,0,355719.15625,-464818.3125,"aedes"
"659",-115.911819906867,33.204790696703,4,0,381369.15625,-526108.3125,"aedes"
"660",-116.301304621648,33.2987261748464,4,0,344649.15625,-517198.3125,"aedes"
"661",-114.964794351041,33.0175213287328,4,0,470739.15625,-542578.3125,"aedes"
"662",-116.04471635283,34.1454188732496,4,0,364629.15625,-422428.3125,"aedes"
"663",-116.132422078703,33.6123988336276,4,0,358959.15625,-481828.3125,"aedes"
"664",-117.987919340203,33.6483996445489,4,0,186699.15625,-483178.3125,"aedes"
"665",-118.216440377275,33.9687877225712,4,0,164829.15625,-448078.3125,"aedes"
"666",-115.355069738184,33.3148993588203,4,0,432669.15625,-511528.3125,"aedes"
"667",-115.896910391628,33.4383341026227,4,0,381639.15625,-500188.3125,"aedes"
"668",-115.366141769907,32.9250071797638,4,0,433749.15625,-554728.3125,"aedes"
"669",-116.138297497075,33.6710914369841,4,0,358149.15625,-475348.3125,"aedes"
"670",-115.615612897778,33.2716842278477,4,0,408639.15625,-517468.3125,"aedes"
"671",-115.6001459146,33.3418061660349,4,0,409719.15625,-509638.3125,"aedes"
"672",-114.767687255091,33.0255870254077,4,0,489099.15625,-540688.3125,"aedes"
"673",-115.586406710142,33.3802873802915,4,0,410799.15625,-505318.3125,"aedes"
"674",-115.859260088718,32.8223170873016,4,0,388119.15625,-568228.3125,"aedes"
"675",-115.955851847255,33.2502771302969,4,0,377049.15625,-521248.3125,"aedes"
"676",-114.873033069289,32.9157315579235,4,0,479919.15625,-553378.3125,"aedes"
"677",-115.911342281439,33.2706165025173,4,0,381099.15625,-518818.3125,"aedes"
"678",-115.065273224275,32.8413743579184,4,0,462369.15625,-562558.3125,"aedes"
"679",-115.51851133776,33.6580079732485,4,0,415659.15625,-474268.3125,"aedes"
"680",-115.936708719177,33.5689767012161,4,0,377319.15625,-485878.3125,"aedes"
"681",-114.885966348334,33.1652617487256,4,0,477219.15625,-525838.3125,"aedes"
"682",-115.163456203691,32.8871535469919,4,0,452919.15625,-557968.3125,"aedes"
"683",-115.069197851883,32.8244601794251,4,0,462099.15625,-564448.3125,"aedes"
"684",-115.852808364823,32.668335026237,4,0,389469.15625,-585238.3125,"aedes"
"685",-118.12670310691,33.9332603104752,4,0,173199.15625,-451858.3125,"aedes"
"686",-115.712388301205,33.2510222317551,4,0,399729.15625,-520168.3125,"aedes"
"687",-116.153900060576,33.6496885829036,4,0,356799.15625,-477778.3125,"aedes"
"688",-117.211560417686,32.7983126341273,4,0,261489.15625,-575518.3125,"aedes"
"689",-115.58635321229,33.2242005006332,4,0,411609.15625,-522598.3125,"aedes"
"690",-115.987725001844,32.7318317085739,4,0,376509.15625,-578758.3125,"aedes"
"691",-115.347047351819,33.2535890578801,4,0,433749.15625,-518278.3125,"aedes"
"692",-115.848323792088,32.6437615372543,4,0,390009.15625,-587938.3125,"aedes"
"693",-115.858160575131,33.1784398029891,4,0,386499.15625,-528808.3125,"aedes"
"694",-118.318119333863,33.7219748499825,4,0,155919.15625,-475618.3125,"aedes"
"695",-118.459815598865,34.0745897163868,4,0,142149.15625,-436738.3125,"aedes"
"696",-118.539105914432,34.0585944802676,4,0,134859.15625,-438628.3125,"aedes"
"697",-115.84836063213,32.8658339353661,4,0,388929.15625,-563368.3125,"aedes"
"698",-118.334760500617,34.1774997595016,4,0,153489.15625,-425128.3125,"aedes"
"699",-115.568195872046,33.238121194832,4,0,413229.15625,-520978.3125,"aedes"
"700",-117.192996825249,32.9173449198021,4,0,262839.15625,-562288.3125,"aedes"
"701",-116.052150597795,33.2951474523012,4,0,367869.15625,-516658.3125,"aedes"
"702",-116.364022059868,33.6395729285781,4,0,337359.15625,-479668.3125,"aedes"
"703",-115.806809950517,33.2740882543754,4,0,390819.15625,-518008.3125,"aedes"
"704",-117.319125043634,33.1130394141251,4,0,250419.15625,-540958.3125,"aedes"
"705",-115.785804601307,32.8488573789108,4,0,394869.15625,-564988.3125,"aedes"
"706",-115.678127801769,33.669088908157,4,0,400809.15625,-473728.3125,"aedes"
"707",-114.858368136634,33.0541851854775,4,0,480459.15625,-537988.3125,"aedes"
"708",-115.643542649856,33.3971397178014,4,0,405399.15625,-503698.3125,"aedes"
"709",-116.072981407059,33.6371616294511,4,0,364359.15625,-478858.3125,"aedes"
"710",-115.148054072551,33.189076000122,4,0,452649.15625,-524488.3125,"aedes"
"711",-115.387713812845,33.0015418723779,4,0,431319.15625,-546358.3125,"aedes"
"712",-116.132007198422,33.5612006610651,4,0,359229.15625,-487498.3125,"aedes"
"713",-116.082865559421,33.2011210262496,4,0,365439.15625,-527188.3125,"aedes"
"714",-115.843911053131,33.5631666675483,4,0,385959.15625,-486148.3125,"aedes"
"715",-115.200746458711,33.4206299373506,4,0,446439.15625,-499108.3125,"aedes"
"716",-115.253670354379,33.0691534472858,4,0,443469.15625,-538258.3125,"aedes"
"717",-114.793502043168,33.0731607995544,4,0,486399.15625,-535558.3125,"aedes"
"718",-114.745552779469,32.658335256275,4,0,493419.15625,-581188.3125,"aedes"
"719",-115.121137692608,32.7290912443237,4,0,457779.15625,-575248.3125,"aedes"
"720",-116.023718636616,32.8770753566275,4,0,372459.15625,-562828.3125,"aedes"
"721",-115.384343434153,33.0599619306247,4,0,431319.15625,-539878.3125,"aedes"
"722",-114.808005388138,32.983525486722,4,0,485589.15625,-545548.3125,"aedes"
"723",-116.249401628092,33.2311788336907,4,0,349779.15625,-524488.3125,"aedes"
"724",-116.136700126475,33.7636409063041,4,0,357879.15625,-465088.3125,"aedes"
"725",-118.141301161604,33.809317974424,4,0,172119.15625,-465628.3125,"aedes"
"726",-115.809697429948,32.9985821002792,4,0,391899.15625,-548518.3125,"aedes"
"727",-115.265064575935,33.023273583662,4,0,442659.15625,-543388.3125,"aedes"
"728",-118.339023239534,34.1142741961904,4,0,153219.15625,-432148.3125,"aedes"
"729",-116.104914273482,33.7576797553971,4,0,360849.15625,-465628.3125,"aedes"
"730",-115.207703652213,33.2087107865108,4,0,446979.15625,-522598.3125,"aedes"
"731",-115.921781648408,32.7831309366318,4,0,382449.15625,-572818.3125,"aedes"
"732",-117.236703299197,32.820885737541,4,0,259059.15625,-573088.3125,"aedes"
"733",-115.934271030656,32.764064151835,4,0,381369.15625,-574978.3125,"aedes"
"734",-115.883045865521,33.4817130611267,4,0,382719.15625,-495328.3125,"aedes"
"735",-115.871275236532,32.7568757520933,4,0,387309.15625,-575518.3125,"aedes"
"736",-116.15552429064,34.336743347697,4,0,353559.15625,-401638.3125,"aedes"
"737",-118.323304650907,34.1651614753235,4,0,154569.15625,-426478.3125,"aedes"
"738",-116.507286537491,33.8901629894862,4,0,323049.15625,-452398.3125,"aedes"
"739",-116.15939733315,33.2354590776782,4,0,358149.15625,-523678.3125,"aedes"
"740",-115.401064889298,33.2216591460403,4,0,428889.15625,-522058.3125,"aedes"
"741",-115.36029073594,33.324870645163,4,0,432129.15625,-510448.3125,"aedes"
"742",-115.120728807176,32.8779777601452,4,0,456969.15625,-558778.3125,"aedes"
"743",-116.471544262537,33.8403347877633,4,0,326559.15625,-457798.3125,"aedes"
"744",-115.807145397741,33.0472753955924,4,0,391899.15625,-543118.3125,"aedes"
"745",-115.521946102501,33.5971962013727,4,0,415659.15625,-481018.3125,"aedes"
"746",-115.934337303001,33.0470736727535,4,0,380019.15625,-543658.3125,"aedes"
"747",-116.042143246469,34.2549374604803,4,0,364359.15625,-410278.3125,"aedes"
"748",-115.391500621102,32.935814007063,4,0,431319.15625,-553648.3125,"aedes"
"749",-115.665017621413,33.3760207388263,4,0,403509.15625,-506128.3125,"aedes"
"750",-115.84167190156,33.494825104653,4,0,386499.15625,-493708.3125,"aedes"
"751",-115.240578307211,32.9490293626537,4,0,445359.15625,-551488.3125,"aedes"
"752",-115.852121051838,33.9071148238793,4,0,383529.15625,-448078.3125,"aedes"
"753",-115.039651645559,33.208745565873,4,0,462639.15625,-521788.3125,"aedes"
"754",-115.125764092564,32.795205338439,4,0,456969.15625,-567958.3125,"aedes"
"755",-116.000078675931,32.8884322745406,4,0,374619.15625,-561478.3125,"aedes"
"756",-116.120920446246,33.1926852213968,4,0,361929.15625,-528268.3125,"aedes"
"757",-115.881911084195,33.5036127020625,4,0,382719.15625,-492898.3125,"aedes"
"758",-116.68791968272,33.9004447172119,4,0,306309.15625,-451858.3125,"aedes"
"759",-115.076352303588,33.2713494564302,4,0,458859.15625,-515038.3125,"aedes"
"760",-115.870412265073,32.6616654163376,4,0,387849.15625,-586048.3125,"aedes"
"761",-115.247872983752,33.2152937565066,4,0,443199.15625,-522058.3125,"aedes"
"762",-118.337781358294,33.3398360365808,4,0,154839.15625,-518008.3125,"aedes"
"763",-115.752191768097,33.2110713668932,4,0,396219.15625,-524758.3125,"aedes"
"764",-115.912331961968,32.9121029996707,4,0,382719.15625,-558508.3125,"aedes"
"765",-114.694936801294,32.8146641132938,4,0,497199.15625,-563638.3125,"aedes"
"766",-115.390393701069,33.0553308080953,4,0,430779.15625,-540418.3125,"aedes"
"767",-115.047112407368,32.8552181181876,4,0,463989.15625,-560938.3125,"aedes"
"768",-115.874739832784,33.2497725327947,4,0,384609.15625,-520978.3125,"aedes"
"769",-114.753382929039,32.7588213170495,4,0,492069.15625,-570118.3125,"aedes"
"770",-114.917282400948,33.0373441761531,4,0,475059.15625,-540148.3125,"aedes"
"771",-114.819372226457,32.9864920578732,4,0,484509.15625,-545278.3125,"aedes"
"772",-114.98285334094,33.0061276332195,4,0,469119.15625,-543928.3125,"aedes"
"773",-116.111414842043,34.3376864751678,4,0,357609.15625,-401368.3125,"aedes"
"774",-115.898867808839,33.1750537772143,4,0,382719.15625,-529348.3125,"aedes"
"775",-115.78855000211,33.4002078148614,4,0,391899.15625,-503968.3125,"aedes"
"776",-117.215122659697,33.0276199736618,4,0,260409.15625,-550138.3125,"aedes"
"777",-115.86222101393,33.5467740457049,4,0,384339.15625,-488038.3125,"aedes"
"778",-115.027782200208,33.1667431675911,4,0,463989.15625,-526378.3125,"aedes"
"779",-115.004835833163,33.1169242594386,4,0,466419.15625,-531778.3125,"aedes"
"780",-115.213130258046,33.3113973676039,4,0,445899.15625,-511258.3125,"aedes"
"781",-115.993931356093,33.5880806330457,4,0,371919.15625,-483988.3125,"aedes"
"782",-115.666151538277,33.141934489148,4,0,404589.15625,-532048.3125,"aedes"
"783",-116.416180303794,33.7094661494441,4,0,332229.15625,-472108.3125,"aedes"
"784",-115.624250717733,33.1671424142783,4,0,408369.15625,-529078.3125,"aedes"
"785",-114.955087327982,33.2171844804733,4,0,470469.15625,-520438.3125,"aedes"
"786",-115.543502495168,33.368845556146,4,0,414849.15625,-506398.3125,"aedes"
"787",-118.37216827797,34.0685015449949,4,0,150249.15625,-437278.3125,"aedes"
"788",-114.946149505924,33.1753035099338,4,0,471549.15625,-525028.3125,"aedes"
"789",-115.71766717021,32.8828735636393,4,0,401079.15625,-560938.3125,"aedes"
"790",-115.83361756607,33.0385033152935,4,0,389469.15625,-544198.3125,"aedes"
"791",-115.786319744437,32.7293022411314,4,0,395409.15625,-578218.3125,"aedes"
"792",-114.63206506809,32.8922370816136,4,0,502599.15625,-554728.3125,"aedes"
"793",-117.154349218251,33.0309724139353,4,0,266079.15625,-549598.3125,"aedes"
"794",-115.160746402776,32.979777586796,4,0,452649.15625,-547708.3125,"aedes"
"795",-116.308108189071,33.8400099126441,4,0,341679.15625,-457258.3125,"aedes"
"796",-116.292847294399,33.2935721127458,4,0,345459.15625,-517738.3125,"aedes"
"797",-116.11065341259,32.987462082074,4,0,363819.15625,-550948.3125,"aedes"
"798",-115.766031980411,33.1140326407284,4,0,395409.15625,-535558.3125,"aedes"
"799",-115.131071584532,33.3249562736359,4,0,453459.15625,-509368.3125,"aedes"
"800",-118.319368648892,34.0750373146206,4,0,155109.15625,-436468.3125,"aedes"
"801",-116.072425341984,32.883673003172,4,0,367869.15625,-562288.3125,"aedes"
"802",-115.953885283885,32.8892135439628,4,0,378939.15625,-561208.3125,"aedes"
"803",-115.352556764007,33.009851116653,4,0,434559.15625,-545278.3125,"aedes"
"804",-117.228842571698,32.8816588166782,4,0,259599.15625,-566338.3125,"aedes"
"805",-115.635901282051,33.2188158862708,4,0,407019.15625,-523408.3125,"aedes"
"806",-115.311399853762,33.1203753739973,4,0,437799.15625,-532858.3125,"aedes"
"807",-116.452606848519,33.9371900572977,4,0,327909.15625,-446998.3125,"aedes"
"808",-115.633527610807,33.5796173039875,4,0,405399.15625,-483448.3125,"aedes"
"809",-115.76662826103,33.0481946634117,4,0,395679.15625,-542848.3125,"aedes"
"810",-115.295472702257,32.9977112243562,4,0,439959.15625,-546358.3125,"aedes"
"811",-115.209184165366,32.9428110747515,4,0,448329.15625,-552028.3125,"aedes"
"812",-115.931221827661,33.676027144096,4,0,377319.15625,-473998.3125,"aedes"
"813",-115.636238825353,33.8478492324258,4,0,403779.15625,-453748.3125,"aedes"
"814",-116.100014985511,33.6795279284309,4,0,361659.15625,-474268.3125,"aedes"
"815",-115.060632614737,33.1974696904893,4,0,460749.15625,-523138.3125,"aedes"
"816",-116.057081864805,33.0782801035312,4,0,368409.15625,-540688.3125,"aedes"
"817",-115.672370102241,33.4543310949843,4,0,402429.15625,-497488.3125,"aedes"
"818",-115.851676892676,34.0825251534093,4,0,382719.15625,-428638.3125,"aedes"
"819",-115.692018198676,32.9306897308321,4,0,403239.15625,-555538.3125,"aedes"
"820",-116.309806574241,33.6158853153252,4,0,342489.15625,-482098.3125,"aedes"
"821",-117.182895298183,32.9585449276542,4,0,263649.15625,-557698.3125,"aedes"
"822",-119.885215,36.824174,4,1,10224.6590479543,-132519.719662974,"aedes"
"823",-120.051703,36.7237939999999,4,1,-4611.69938635365,-143681.664015419,"aedes"
"824",-120.45529,37.329777,4,1,-40285.5451064125,-76228.5178754027,"aedes"
"825",-117.397673,33.960312,4,1,240506.023269608,-447268.230335182,"aedes"
"826",-119.735554,36.684765,4,1,23599.1776851534,-147987.567895149,"aedes"
"827",-117.62375,34.024666,4,1,219437.772675672,-440680.822788909,"aedes"
"828",-119.77684,36.759677,4,1,19895.2269884914,-139671.060487462,"aedes"
"829",-119.920315,36.828448,4,1,7097.65691674737,-132047.906882069,"aedes"
"830",-119.769063,36.739117,4,1,20594.1277645503,-141954.533160085,"aedes"
"831",-119.790945,36.6452209999999,4,1,18665.7652679198,-152394.940712018,"aedes"
"832",-117.443931,33.915418,4,1,236366.162229861,-452362.133659707,"aedes"
"833",-115.492518,32.675149,4,1,423244.14341687,-582940.283635996,"aedes"
"834",-119.752351,36.752406,4,1,22080.5925652268,-140473.744333623,"aedes"
"835",-119.876664,36.791789,4,1,10991.0231395568,-136118.298796799,"aedes"
"836",-120.071035,36.965665,4,1,-6315.74006686316,-116796.581448715,"aedes"
"837",-119.813416,36.829338,4,1,16619.1715285105,-131935.514701399,"aedes"
"838",-119.511058,36.728294,4,1,43608.1050722069,-143070.022408005,"aedes"
"839",-119.776403,36.789061,4,1,19926.4945961151,-136405.042799855,"aedes"
"840",-119.734018,36.725176,4,1,23723.6568173145,-143495.77581961,"aedes"
"841",-119.885059,36.762018,4,1,10246.8982948591,-139428.218835374,"aedes"
"842",-120.076214,36.725975,4,1,-6797.74144583222,-143437.753025016,"aedes"
"843",-119.790938,36.6452190000001,4,1,18666.3907636387,-152395.161608706,"aedes"
"844",-119.269562,36.3054770000001,4,1,65508.5017531736,-189920.844420283,"aedes"
"845",-117.665256,34.1562639999999,4,1,215246.09066872,-426181.982682194,"aedes"
"846",-116.055044807521,33.2952488364213,4,0,367599.15625,-516658.3125,"aedes"
"847",-119.776862,36.759681,4,1,19893.2645867068,-139670.620551006,"aedes"
"848",-119.80067,36.787064,4,1,17764.3311625704,-136631.85604674,"aedes"
"849",-119.879039,36.790871,4,1,10779.5045739117,-136220.608040131,"aedes"
"850",-120.076189,36.725936,4,1,-6795.51513018986,-143442.089451473,"aedes"
"851",-117.2470399,33.2167917,4,1,256816.965604621,-529273.451938085,"aedes"
"852",-120.076295,36.7260070000001,4,1,-6804.96310579653,-143434.190511608,"aedes"
"853",-120.076278,36.726003,4,1,-6803.44720716768,-143434.636328547,"aedes"
"854",-119.776759,36.759709,4,1,19902.439984281,-139667.486707559,"aedes"
"855",-119.766569,36.739113,4,1,20816.5354307111,-141954.429580666,"aedes"
